"","S","MLS #","Street Address","Sale Date","High School","Price","DOM","Zip Code","Beds Total","Bths","Sq Ft Total","Lot Size","Postal City","Property Sub Type","Age"
"1","S","CROC25234237","1797 W Campbell Avenue","10/15/2025","PROSPE","$1,400,000","7","95008","3","2|0","1,272","6,100 Lot SqFt","Campbell","Res. Single Family","68"
"1","S","ML82003202","1290 Hoffman Lane","01/02/2025","","$1,450,000","0","95008","2","1|0","785","8,064 Lot SqFt","Campbell","Res. Single Family","66"
"1","S","ML82027731","1124 Holmes Avenue","11/14/2025","","$1,600,000","0","95008","4","1|0","1,414","8,704 Lot SqFt","Campbell","Res. Single Family","70"
"1","S","BE41108718","11 Jim Elder Drive ","08/26/2025","","$1,815,000","6","95008","3","2|0","1,603","7,250 Lot SqFt","Campbell","Res. Single Family","52"
"1","S","EB41087932","307 Saint Paul Dr ","04/02/2025","","$1,850,000","7","95008","5","3|0","1,748","6,790 Lot SqFt","Campbell","Res. Single Family","67"
"1","S","BE41112024","915 Bucknam Ave ","09/30/2025","","$1,850,000","12","95008","3","2|0","1,269","6,180 Lot SqFt","Campbell","Res. Single Family","65"
"1","S","EB41099214","958 Bucknam AVE ","08/11/2025","","$1,850,000","75","95008","3","2|0","1,244","6,076 Lot SqFt","Campbell","Res. Single Family","62"
"1","S","BE41084734","1147 Hazel Ave ","02/17/2025","","$1,900,000","13","95008","2","1|1","1,456","6,327 Lot SqFt","Campbell","Res. Single Family","85"
"1","S","ML82021747","4054 Lemoyne Way","09/09/2025","","$1,950,000","0","95008","4","2|1","1,642","6,600 Lot SqFt","Campbell","Res. Single Family","61"
"1","S","ML82014700","1320 Theresa Avenue","07/15/2025","","$1,955,000","0","95008","3","2|0","1,885","11,070 Lot SqFt","Campbell","Res. Single Family","75"
"1","S","CC41105971","761 Union Ave ","07/31/2025","","$2,000,888","7","95008","2","2|0","1,230","15,390 Lot SqFt","Campbell","Res. Single Family","80"
"1","S","ML82021043","200 W Rincon Avenue","09/10/2025","","$2,020,000","0","95008","4","4|0","1,902","1,272 Lot SqFt","Campbell","Res. Single Family","0"
"1","S","CC41091864","1110 Cameo Dr ","04/05/2025","","$2,050,000","2","95008","3","2|1","1,733","7,957 Lot SqFt","Campbell","Res. Single Family","67"
"1","S","BE41097433","1321 Hoffman Ln ","07/08/2025","","$2,050,000","55","95008","3","2|0","1,706","10,944 Lot SqFt","Campbell","Res. Single Family","82"
"1","S","ML81994839","1500 E Campbell Avenue","02/19/2025","","$2,180,000","0","95008","3","2|1","2,608","10,362 Lot SqFt","Campbell","Res. Single Family","63"
"1","S","EB41099500","197 Branbury Dr ","06/06/2025","","$2,445,000","8","95008","3","2|1","2,079","6,014 Lot SqFt","Campbell","Res. Single Family","68"
"1","S","CRFR24233137","1440 Bent Drive","12/03/2024","","$2,475,000","20","95008","3","2|1","2,014","10,944 Lot SqFt","Campbell","Res. Single Family","72"
"1","S","BE41115004","1110 Cameo Dr ","10/16/2025","","$2,800,000","0","95008","3","2|1","1,898","7,957 Lot SqFt","Campbell","Res. Single Family","67"
"1","S","ML81997455","107 Trailblazer Place","03/11/2025","","$3,332,300","0","95008","6","4|0","3,113","6,540 Lot SqFt","Campbell","Res. Single Family","0"
"1","S","ML81997417","109 Trailblazer Place","02/28/2025","","$3,490,000","0","95008","5","4|0","3,113","6,540 Lot SqFt","Campbell","Res. Single Family","0"
"1","S","BE41093547","1639 Walters Ave ","04/18/2025","","$3,540,000","2","95008","5","3|1","3,054","7,811 Lot SqFt","Campbell","Res. Single Family","6"
"1","S","ML81931147","105 Trailblazer Place","10/18/2023","","$3,164,800","132","95008","5","4|0","2,848","6,526 Lot SqFt","Campbell","Res. Single Family","0"
"1","S","ML81956795","1445 Westmont Avenue","03/13/2024","","$3,055,000","6","95008","4","3|0","2,682","6,916 Lot SqFt","Campbell","Res. Single Family","79"
"1","S","ML81959335","103 Trailblazer Place","04/05/2024","","$3,230,000","8","95008","5","4|0","2,848","6,526 Lot SqFt","Campbell","Res. Single Family","0"
"1","S","ML81979571","1257 Bracebridge Court","03/25/2025","Westmont High","$1,450,000","191","95008","2","2|1","1,693","5,663 Lot SqFt","Campbell","Res. Single Family","45"
"1","S","ML81984081","67 S 3rd Street","10/26/2024","","$1,660,000","9","95008","3","2|0","1,393","7,800 Lot SqFt","Campbell","Res. Single Family","108"
"1","S","ML81984595","1364 Ridgeley Drive","11/26/2024","Del Mar High","$2,900,000","34","95008","4","4|0","2,587","9,860 Lot SqFt","Campbell","Res. Single Family","68"
"1","S","ME224125242","1440 Bent Drive","12/03/2024","","$2,475,000","22","95008","3","2|1","2,014","10,944 Lot SqFt","Campbell","Res. Single Family","71"
"1","S","ML81987417","2295 Montezuma Drive","12/07/2024","","$2,300,000","12","95008","4","3|0","1,980","6,060 Lot SqFt","Campbell","Res. Single Family","63"
"1","S","ML81966309","2585 S Winchester Boulevard","12/26/2024","Westmont High","$1,360,000","23","95008","3","1|0","936","6,480 Lot SqFt","Campbell","Res. Single Family","67"
"1","S","ML81988123","474 Budd Avenue","01/05/2025","Westmont High","$1,890,000","29","95008","3","1|0","1,069","10,541 Lot SqFt","Campbell","Res. Single Family","73"
"1","S","ML81989762","1172 Longfellow Avenue","01/16/2025","Branham High","$1,600,000","8","95008","3","2|0","1,505","8,211 Lot SqFt","Campbell","Res. Single Family","70"
"1","S","ML81989784","165 Poplar Avenue","01/18/2025","","$2,240,000","10","95008","4","2|1","1,700","7,952 Lot SqFt","Campbell","Res. Single Family","79"
"1","S","ML81989780","1295 Hoffman Lane","01/23/2025","Leigh High","$1,500,000","10","95008","3","1|1","1,184","11,520 Lot SqFt","Campbell","Res. Single Family","64"
"1","S","ML81991133","730 Bucknall Road","01/29/2025","","$2,075,000","8","95008","3","2|0","1,165","6,420 Lot SqFt","Campbell","Res. Single Family","70"
"1","S","ML81991243","750 Marilyn Drive","01/29/2025","Westmont High","$2,120,000","7","95008","3","2|0","1,249","6,300 Lot SqFt","Campbell","Res. Single Family","63"
"1","S","ML81991715","1339 Olympia Avenue","02/05/2025","","$1,850,000","12","95008","4","3|0","1,678","4,736 Lot SqFt","Campbell","Res. Single Family","74"
"1","S","ML81991966","3744 Century Drive","02/05/2025","Westmont High","$2,460,000","8","95008","4","2|0","1,500","6,000 Lot SqFt","Campbell","Res. Single Family","63"
"1","S","ML81992233","2334 Middletown Drive","02/05/2025","Westmont High","$2,400,000","6","95008","3","2|0","1,330","6,000 Lot SqFt","Campbell","Res. Single Family","63"
"1","S","ML81992985","1160 Longfellow Avenue","02/12/2025","Leigh High","$2,060,000","7","95008","4","2|0","1,285","8,211 Lot SqFt","Campbell","Res. Single Family","70"
"1","S","ML81993465","1420 Burrows Road","03/07/2025","","$2,890,000","18","95008","3","1|0","1,820","19,200 Lot SqFt","Campbell","Res. Single Family","80"
"1","S","ML81993571","1175 Archer Way","02/19/2025","Westmont High","$2,907,000","7","95008","5","2|1","2,046","7,350 Lot SqFt","Campbell","Res. Single Family","57"
"1","S","ML81993976","115 Welker Court","02/20/2025","","$2,507,000","7","95008","4","2|0","1,628","6,448 Lot SqFt","Campbell","Res. Single Family","58"
"1","S","ML81994106","147 N Milton Avenue","02/26/2025","","$2,475,000","12","95008","4","2|0","1,456","9,028 Lot SqFt","Campbell","Res. Single Family","77"
"1","S","ML81991252","116 Calado Avenue","02/26/2025","","$2,260,000","10","95008","3","2|0","1,372","8,000 Lot SqFt","Campbell","Res. Single Family","69"
"1","S","ML81992799","821 Virginia Avenue","03/26/2025","Westmont High","$2,400,000","36","95008","4","3|0","2,437","7,475 Lot SqFt","Campbell","Res. Single Family","25"
"1","S","ML81995035","367 N Central Avenue","03/05/2025","Del Mar High","$1,530,000","12","95008","3","2|0","1,584","5,600 Lot SqFt","Campbell","Res. Single Family","74"
"1","S","ML81994712","780 Virginia Avenue","02/26/2025","","$2,913,000","4","95008","3","2|1","2,159","10,800 Lot SqFt","Campbell","Res. Single Family","72"
"1","S","ML81994209","372 Richlee Drive","03/05/2025","Del Mar High","$1,950,000","7","95008","3","1|1","1,361","6,600 Lot SqFt","Campbell","Res. Single Family","71"
"1","S","ML81995955","106 S 4th Street","05/01/2025","","$1,950,000","56","95008","3","2|0","1,746","6,900 Lot SqFt","Campbell","Res. Single Family","110"
"1","S","ML81996185 ","1585 Dry Creek Road","03/23/2025","","$2,800,000","20","95008","5","4|0","2,200","31,050 Lot SqFt","Campbell","Res. Single Family","88"
"1","S","ML81996345","2132 Via D'Este ","03/12/2025","Westmont High","$2,400,000","8","95008","4","2|0","1,611","6,600 Lot SqFt","Campbell","Res. Single Family","64"
"1","S","ML81996350","3964 Via Cristobal ","03/11/2025","","$2,455,000","7","95008","3","2|0","1,384","6,300 Lot SqFt","Campbell","Res. Single Family","57"
"1","S","ML81996189","820 Harriet Avenue","03/13/2025","Westmont High","$1,730,000","8","95008","3","1|0","1,045","6,039 Lot SqFt","Campbell","Res. Single Family","62"
"1","S","ML81995382","1280 Burrows Road","03/13/2025","Westmont High","$2,786,850","6","95008","4","3|1","2,892","8,712 Lot SqFt","Campbell","Res. Single Family","81"
"1","S","ML81991883","251 Harrison Avenue","03/10/2025","","$1,600,000","0","95008","2","1|0","947","7,740 Lot SqFt","Campbell","Res. Single Family","85"
"1","S","ML81996261","2220 Central Park Drive","03/20/2025","","$2,285,000","10","95008","4","2|0","1,698","6,360 Lot SqFt","Campbell","Res. Single Family","62"
"1","S","ML81997187","132 Della Court","03/19/2025","Prospect High","$1,830,000","9","95008","3","3|1","1,581","2,790 Lot SqFt","Campbell","Res. Single Family","27"
"1","S","ME225026764","1035 W Latimer Avenue","03/27/2025","","$2,000,000","14","95008","3","2|0","1,277","9,296 Lot SqFt","Campbell","Res. Single Family","70"
"1","S","ML81998587","364 Curtner Avenue","03/19/2025","","$1,500,000","0","95008","3","1|0","1,242","8,320 Lot SqFt","Campbell","Res. Single Family","78"
"1","S","ML81998060","3974 Via Montalvo ","03/20/2025","Westmont High","$2,355,000","2","95008","3","2|0","1,384","8,100 Lot SqFt","Campbell","Res. Single Family","57"
"1","S","ML81998363","3982 Via Montalvo ","03/26/2025","Westmont High","$2,382,000","8","95008","3","2|0","1,458","8,125 Lot SqFt","Campbell","Res. Single Family","57"
"1","S","ML81995249","1373 Olympia Avenue","04/28/2025","","$1,292,000","40","95008","3","1|0","1,184","5,379 Lot SqFt","Campbell","Res. Single Family","75"
"1","S","ML81997971","1466 Vale Avenue","03/27/2025","Westmont High","$2,970,000","8","95008","4","2|2","2,288","12,750 Lot SqFt","Campbell","Res. Single Family","75"
"1","S","ML81998591","4776 Westmont Avenue","03/27/2025","Westmont High","$2,298,000","8","95008","4","2|0","1,675","6,000 Lot SqFt","Campbell","Res. Single Family","51"
"1","S","ML81998792","935 Hazel Court","04/22/2025","","$2,430,935","33","95008","4","2|1","2,331","6,160 Lot SqFt","Campbell","Res. Single Family","36"
"1","S","ML81998808","2805 Gazelle Drive","05/14/2025","Westmont High","$1,820,000","55","95008","3","2|0","1,502","6,000 Lot SqFt","Campbell","Res. Single Family","51"
"1","S","ML81999030","1080 Audrey Avenue","03/27/2025","Westmont High","$2,600,000","6","95008","3","2|1","2,034","13,104 Lot SqFt","Campbell","Res. Single Family","78"
"1","S","ML81999243","2059 Nero Court","04/11/2025","","$2,355,000","12","95008","4","2|0","1,610","7,245 Lot SqFt","Campbell","Res. Single Family","64"
"1","S","ML81999540","621 Cambrian Drive","04/04/2025","Branham High","$2,385,000","9","95008","3","1|1","2,190","11,250 Lot SqFt","Campbell","Res. Single Family","66"
"1","S","ML81999672","357 N Milton Avenue","04/02/2025","","$3,050,000","7","95008","4","3|0","1,968","9,620 Lot SqFt","Campbell","Res. Single Family","75"
"1","S","ML82005339","416 David Avenue","05/16/2025","","$2,050,000","19","95008","3","3|1","1,953","3,491 Lot SqFt","Campbell","Res. Single Family","0"
"1","S","ML82000634","1172 Glenblair Way","04/02/2025","","$2,400,000","0","95008","3","2|0","1,288","7,986 Lot SqFt","Campbell","Res. Single Family","65"
"1","S","ML82000214","983 Smith Avenue","04/09/2025","","$2,525,000","7","95008","4","3|0","2,256","8,520 Lot SqFt","Campbell","Res. Single Family","72"
"1","S","ML82000810","3932 W Rincon Avenue","05/16/2025","Westmont High","$1,860,000","27","95008","3","2|0","1,037","6,700 Lot SqFt","Campbell","Res. Single Family","63"
"1","S","ML82000319","635 Chapman Drive","04/11/2025","Westmont High","$4,070,000","7","95008","5","5|1","3,374","8,531 Lot SqFt","Campbell","Res. Single Family","0"
"1","S","ML82001488","2299 Maximilian Drive","04/22/2025","Westmont High","$1,830,000","14","95008","3","2|0","1,244","5,400 Lot SqFt","Campbell","Res. Single Family","63"
"1","S","ML82001542","1340 E Campbell ","04/17/2025","Del Mar High","$3,088,000","9","95008","4","2|1","2,716","8,804 Lot SqFt","Campbell","Res. Single Family","63"
"1","S","ML81999683","14 Herbert Lane","05/26/2025","","$2,550,000","46","95008","3","2|1","1,838","10,455 Lot SqFt","Campbell","Res. Single Family","69"
"1","S","ML82001988","1205 Nadine Drive","04/16/2025","Westmont High","$2,060,000","6","95008","4","2|0","1,398","6,200 Lot SqFt","Campbell","Res. Single Family","64"
"1","S","ML82001410","1681 La Pradera Drive","05/13/2025","","$1,700,000","32","95008","3","2|0","1,272","7,412 Lot SqFt","Campbell","Res. Single Family","68"
"1","S","ML82002530","165 Jane Ann Way","05/28/2025","Westmont High","$3,650,000","44","95008","5","4|1","4,113","10,125 Lot SqFt","Campbell","Res. Single Family","21"
"1","S","ML82002465","2330 Montezuma Drive","06/03/2025","Westmont High","$1,950,000","49","95008","5","2|0","2,208","6,161 Lot SqFt","Campbell","Res. Single Family","64"
"1","S","ML82002714","1704 Palo Santo Drive","04/23/2025","Prospect High","$2,560,000","8","95008","3","2|1","2,038","6,000 Lot SqFt","Campbell","Res. Single Family","69"
"1","S","ML82002572","303 Esther Avenue","04/19/2025","","$1,550,000","3","95008","2","1|0","720","8,800 Lot SqFt","Campbell","Res. Single Family","78"
"1","S","ML82002779","611 Harrison Avenue","04/28/2025","Del Mar High","$1,780,000","12","95008","4","3|0","2,065","6,552 Lot SqFt","Campbell","Res. Single Family","70"
"1","S","ML82002247","240 Victor Avenue","04/29/2025","","$1,655,000","12","95008","3","2|0","1,370","6,014 Lot SqFt","Campbell","Res. Single Family","68"
"1","S","ML82003009","1330 El Moro Drive","05/01/2025","Branham High","$2,582,750","14","95008","3","2|1","1,841","11,315 Lot SqFt","Campbell","Res. Single Family","69"
"1","S","ML82001257","1224 Cameo Drive","04/23/2025","","$2,650,000","5","95008","3","2|0","1,971","8,066 Lot SqFt","Campbell","Res. Single Family","66"
"1","S","ML82003213","2133 Tankit Drive","04/24/2025","","$2,193,750","6","95008","3","2|0","1,558","6,000 Lot SqFt","Campbell","Res. Single Family","61"
"1","S","ML82003236","1372 Hoffman Lane","04/23/2025","","$2,700,000","5","95008","4","3|1","3,160","9,504 Lot SqFt","Campbell","Res. Single Family","10"
"1","S","ML82003547","1069 Linda Drive","05/06/2025","Westmont High","$2,325,000","14","95008","5","3|0","2,143","6,240 Lot SqFt","Campbell","Res. Single Family","62"
"1","S","ML82003772","3887 Acapulco Drive","06/12/2025","Westmont High","$2,299,999","50","95008","3","2|0","1,664","6,600 Lot SqFt","Campbell","Res. Single Family","63"
"1","S","ML82003954","654 Whitethorne Drive","04/30/2025","Del Mar High","$1,612,000","6","95008","3","2|0","1,162","6,380 Lot SqFt","Campbell","Res. Single Family","62"
"1","S","ML82004096","824 Jones Way","05/07/2025","","$1,350,000","13","95008","2","2|0","1,342","6,490 Lot SqFt","Campbell","Res. Single Family","79"
"1","S","ML82004590","861 W Latimer Avenue","05/08/2025","","$2,200,000","9","95008","4","2|0","1,528","6,200 Lot SqFt","Campbell","Res. Single Family","59"
"1","S","ML82004638","649 Del Roy Court","07/08/2025","Westmont High","$1,525,000","70","95008","3","2|0","1,523","6,565 Lot SqFt","Campbell","Res. Single Family","52"
"1","S","ML81999207","4016 Twyla Lane","05/19/2025","Westmont High","$2,250,000","17","95008","3","2|0","1,538","6,050 Lot SqFt","Campbell","Res. Single Family","55"
"1","S","ML82005218","206 Catalpa Lane","05/08/2025","","$3,300,000","6","95008","3","2|1","2,694","10,125 Lot SqFt","Campbell","Res. Single Family","5"
"1","S","ML82005222","404 N Central Avenue","05/07/2025","","$1,580,000","5","95008","2","1|0","1,040","6,200 Lot SqFt","Campbell","Res. Single Family","77"
"1","S","ML82005299","51 Jim Elder Drive","07/08/2025","Westmont High","$2,100,000","66","95008","4","2|0","1,785","6,050 Lot SqFt","Campbell","Res. Single Family","52"
"1","S","ML82005414","4035 W Rincon Avenue","05/12/2025","","$1,800,000","9","95008","4","2|0","1,483","7,254 Lot SqFt","Campbell","Res. Single Family","61"
"1","S","ML82005636","1023 Virginia Avenue","05/13/2025","","$2,335,000","7","95008","4","2|0","1,797","6,400 Lot SqFt","Campbell","Res. Single Family","45"
"1","S","ML82005968","1040 Longfellow Avenue","05/14/2025","","$1,700,000","6","95008","4","2|0","1,693","12,412 Lot SqFt","Campbell","Res. Single Family","70"
"1","S","ML82001253","494 Century Drive","05/20/2025","Westmont High","$2,050,000","11","95008","3","2|0","1,170","6,930 Lot SqFt","Campbell","Res. Single Family","70"
"1","S","ML82006562","1173 Shamrock Drive","08/07/2025","","$1,888,000","87","95008","3","2|0","2,191","8,100 Lot SqFt","Campbell","Res. Single Family","72"
"1","S","ML82006367","96 Lavonne Drive","05/24/2025","","$2,050,000","11","95008","4","2|0","1,618","6,100 Lot SqFt","Campbell","Res. Single Family","64"
"1","S","ML82006640","414 Queens Court","05/19/2025","","$2,250,000","6","95008","4","2|0","1,687","8,000 Lot SqFt","Campbell","Res. Single Family","61"
"1","S","ML82006643","832 Mary Court","06/25/2025","","$1,600,000","43","95008","3","2|0","1,108","6,060 Lot SqFt","Campbell","Res. Single Family","60"
"1","S","ML82006651","1416 Cameo Drive","05/20/2025","","$3,235,000","7","95008","4","3|0","2,496","12,152 Lot SqFt","Campbell","Res. Single Family","72"
"1","S","ML82006722","3750 Century Drive","05/27/2025","","$2,200,000","14","95008","4","2|0","1,486","6,000 Lot SqFt","Campbell","Res. Single Family","62"
"1","S","ML82018851","111 N San Tomas Aquino Road","09/08/2025","Prospect High","$1,375,000","39","95008","3","2|0","1,247","6,000 Lot SqFt","Campbell","Res. Single Family","68"
"1","S","ML82006958","1070 Boise Drive","06/12/2025","","$1,772,100","28","95008","3","2|0","1,144","6,882 Lot SqFt","Campbell","Res. Single Family","67"
"1","S","ML82007051","2301 Central Park Drive","07/19/2025","Branham High","$1,880,000","65","95008","4","2|0","1,700","7,169 Lot SqFt","Campbell","Res. Single Family","64"
"1","S","ME225063218","765 Fairlands Avenue","05/21/2025","","$1,900,000","6","95008","3","2|0","1,721","6,660 Lot SqFt","Campbell","Res. Single Family","65"
"1","S","ML82006171","1160 Paula Drive","05/21/2025","","$1,845,000","5","95008","4","2|0","1,398","6,500 Lot SqFt","Campbell","Res. Single Family","64"
"1","S","ML82007664","79 Rio Serena Avenue","07/14/2025","","$1,650,000","55","95008","3","2|0","1,372","10,400 Lot SqFt","Campbell","Res. Single Family","69"
"1","S","ML82005459","1439 Inwood Court","05/30/2025","","$2,180,000","9","95008","4","2|0","1,547","6,000 Lot SqFt","Campbell","Res. Single Family","63"
"1","S","ML82007939","2267 Fenian Drive","09/12/2025","Prospect High","$2,300,000","99","95008","3","2|0","1,507","5,974 Lot SqFt","Campbell","Res. Single Family","62"
"1","S","ML82008052","364 Curtner Avenue","06/27/2025","","$1,410,000","36","95008","3","2|0","1,242","8,320 Lot SqFt","Campbell","Res. Single Family","78"
"1","S","ML82008118","970 W Hedegard Avenue","06/28/2025","Westmont High","$2,650,000","33","95008","4","3|1","2,690","9,924 Lot SqFt","Campbell","Res. Single Family","74"
"1","S","ML82008321","110 S 2nd Street","06/03/2025","","$2,960,000","6","95008","4","4|1","2,372","6,500 Lot SqFt","Campbell","Res. Single Family","21"
"1","S","ML82008214","1905 White Oaks Road","06/10/2025","","$2,500,000","11","95008","5","4|0","2,573","8,320 Lot SqFt","Campbell","Res. Single Family","18"
"1","S","ML82009152","772 Jeffrey Avenue","06/04/2025","Westmont High","$1,720,000","5","95008","3","2|0","1,320","6,222 Lot SqFt","Campbell","Res. Single Family","64"
"1","S","ML82008457","635 Virginia Avenue","06/03/2025","","$2,600,000","0","95008","5","3|0","2,124","9,375 Lot SqFt","Campbell","Res. Single Family","76"
"1","S","ML82009467","1729 Bucknall Road","06/25/2025","Prospect High","$2,000,000","22","95008","4","2|1","2,140","3,920 Lot SqFt","Campbell","Res. Single Family","24"
"1","S","ML82010389","104 Hardy Avenue","08/01/2025","","$2,311,000","52","95008","5","3|0","2,870","9,375 Lot SqFt","Campbell","Res. Single Family","75"
"1","S","ML82010394","1057 Salerno Drive","06/23/2025","","$1,900,000","13","95008","3","2|0","1,666","9,100 Lot SqFt","Campbell","Res. Single Family","74"
"1","S","ML82010479","1139 W Parr Avenue","06/24/2025","","$2,200,000","14","95008","3","2|0","2,171","9,983 Lot SqFt","Campbell","Res. Single Family","77"
"1","S","ML82010218","4083 Acapulco Drive","06/26/2025","Westmont High","$1,813,000","15","95008","4","2|0","1,512","6,148 Lot SqFt","Campbell","Res. Single Family","62"
"1","S","ML82010531","889 Ebbets Drive","06/16/2025","Westmont High","$2,100,000","4","95008","3","2|0","1,390","6,000 Lot SqFt","Campbell","Res. Single Family","63"
"1","S","ML82010409","668 Curtner Avenue","08/25/2025","","$1,850,000","73","95008","3","2|1","1,730","12,600 Lot SqFt","Campbell","Res. Single Family","79"
"1","S","ML82010889","1300 Patio Drive","06/25/2025","","$1,900,000","12","95008","3","2|1","1,842","7,194 Lot SqFt","Campbell","Res. Single Family","69"
"1","S","ML82014286","848 Kenneth Avenue","07/22/2025","Westmont High","$1,910,000","19","95008","4","2|0","1,800","9,825 Lot SqFt","Campbell","Res. Single Family","75"
"1","S","ML82011023","1713 W Campbell Avenue","09/07/2025","","$1,488,000","86","95008","3","2|0","1,272","7,000 Lot SqFt","Campbell","Res. Single Family","68"
"1","S","ML82011307","448 Kings Court","07/03/2025","","$1,830,000","16","95008","4","2|0","1,507","6,200 Lot SqFt","Campbell","Res. Single Family","61"
"1","S","ML82011102","1596 Adrien Drive","06/24/2025","","$1,900,000","5","95008","3","2|0","1,233","6,000 Lot SqFt","Campbell","Res. Single Family","63"
"1","S","ML82011171","195 N 3rd Street","08/12/2025","","$3,150,000","54","95008","4","3|0","3,062","11,165 Lot SqFt","Campbell","Res. Single Family","0"
"1","S","ML82011612","72 Cannery Circle","08/22/2025","","$1,525,000","64","95008","3","2|1","1,335","1,423 Lot SqFt","Campbell","Res. Single Family","26"
"1","S","ML82011894","68 N Midway Street","08/17/2025","Del Mar High","$2,170,000","58","95008","3","2|1","2,116","7,272 Lot SqFt","Campbell","Res. Single Family","68"
"1","S","ML82011941","1220 Mcbain Avenue","06/27/2025","","$2,400,000","7","95008","3","2|0","1,480","8,000 Lot SqFt","Campbell","Res. Single Family","68"
"1","S","ML82011991","2904 Del Loma Drive","06/21/2025","","$1,465,000","0","95008","3","2|0","1,489","6,386 Lot SqFt","Campbell","Res. Single Family","62"
"1","S","ML82011404","3901 Bucknall Road","08/09/2025","","$1,800,000","46","95008","4","2|0","1,924","6,400 Lot SqFt","Campbell","Res. Single Family","64"
"1","S","ML82012181","39 Jim Elder Drive","07/01/2025","Westmont High","$2,150,000","7","95008","4","2|0","1,730","6,050 Lot SqFt","Campbell","Res. Single Family","52"
"1","S","ML82011771","1111 Arnott Way","07/28/2025","Branham High","$2,475,000","32","95008","4","3|0","2,405","7,600 Lot SqFt","Campbell","Res. Single Family","64"
"1","S","ML82011290","1341 E Campbell Avenue","07/26/2025","Del Mar High","$2,670,000","30","95008","4","3|0","2,112","8,680 Lot SqFt","Campbell","Res. Single Family","63"
"1","S","ML82012696","240 S 1st Street","07/21/2025","","$1,625,000","24","95008","2","2|0","1,151","6,750 Lot SqFt","Campbell","Res. Single Family","89"
"1","S","ML82013166","897 Loyalton Drive","07/15/2025","","$2,180,000","8","95008","3","2|0","1,447","6,000 Lot SqFt","Campbell","Res. Single Family","63"
"1","S","ML82013365","1786 Villarita Drive","07/13/2025","","$1,817,500","5","95008","4","2|0","1,252","6,700 Lot SqFt","Campbell","Res. Single Family","68"
"1","S","ML82013241","955 Norin Court","08/26/2025","","$2,140,000","48","95008","3","2|0","1,772","10,960 Lot SqFt","Campbell","Res. Single Family","72"
"1","S","ML82012983","229 Budd Avenue","09/17/2025","","$4,300,000","70","95008","7","7|1","3,427","11,335 Lot SqFt","Campbell","Res. Single Family","1"
"1","S","ML82010302","197 S Leigh Avenue","07/16/2025","Branham High","$1,625,000","2","95008","3","2|0","1,543","6,726 Lot SqFt","Campbell","Res. Single Family","77"
"1","S","ML82014550","1270 W Hacienda Avenue","07/18/2025","","$3,250,000","4","95008","5","4|0","2,848","6,409 Lot SqFt","Campbell","Res. Single Family","0"
"1","S","ML82014670","1257 Cobblestone Drive","07/23/2025","Westmont High","$2,380,000","8","95008","5","3|0","2,436","4,356 Lot SqFt","Campbell","Res. Single Family","29"
"1","S","ML82014718","107 Jasmine Court","09/05/2025","Westmont High","$3,000,000","52","95008","4","3|0","2,599","6,782 Lot SqFt","Campbell","Res. Single Family","9"
"1","S","ML82014526","3719 Century Drive","07/22/2025","Westmont High","$2,298,000","6","95008","4","2|0","1,486","6,180 Lot SqFt","Campbell","Res. Single Family","63"
"1","S","ML82023713","1797 W Campbell Avenue","10/15/2025","","$1,400,000","31","95008","3","2|0","1,272","6,100 Lot SqFt","Campbell","Res. Single Family","68"
"1","S","ML82014956","1181 Steinway Avenue","07/22/2025","Westmont High","$3,150,000","5","95008","5","3|1","2,654","13,600 Lot SqFt","Campbell","Res. Single Family","76"
"1","S","ML82014965","910 Monica Lane","07/24/2025","Del Mar High","$2,150,000","7","95008","3","2|0","1,499","8,775 Lot SqFt","Campbell","Res. Single Family","68"
"1","S","ML82015453","890 Silacci Drive","07/30/2025","Westmont High","$2,050,000","8","95008","3","2|0","1,110","6,000 Lot SqFt","Campbell","Res. Single Family","63"
"1","S","ML82015166","904 Capri Drive","07/31/2025","Westmont High","$3,080,000","7","95008","5","3|0","2,944","6,120 Lot SqFt","Campbell","Res. Single Family","30"
"1","S","ML82016020","180 Coventry Drive","08/22/2025","","$2,250,000","27","95008","4","2|1","2,219","6,111 Lot SqFt","Campbell","Res. Single Family","68"
"1","S","ML82013245","390 Lawndale Avenue","07/28/2025","","$1,665,000","0","95008","3","1|1","1,454","8,360 Lot SqFt","Campbell","Res. Single Family","64"
"1","S","ML82015475","2225 Montezuma Drive","08/19/2025","Westmont High","$2,200,000","21","95008","4","2|0","1,980","6,572 Lot SqFt","Campbell","Res. Single Family","64"
"1","S","ML82016476","876 Dry Creek Road","08/07/2025","Branham High","$1,961,000","7","95008","4","2|0","2,392","13,225 Lot SqFt","Campbell","Res. Single Family","75"
"1","S","ML82016602","565 Union Avenue","09/08/2025","Branham High","$1,250,000","39","95008","3","2|1","1,365","2,145 Lot SqFt","Campbell","Res. Single Family","45"
"1","S","ML82016644","137 Kennedy Avenue","08/16/2025","","$1,748,888","16","95008","3","2|1","1,789","2,900 Lot SqFt","Campbell","Res. Single Family","19"
"1","S","ML82017182","4148 Lemoyne Way","08/13/2025","","$2,150,000","7","95008","3","2|0","1,608","6,300 Lot SqFt","Campbell","Res. Single Family","62"
"1","S","ML82017093","1177 Mcbain Avenue","08/08/2025","","$2,500,000","0","95008","3","1|0","1,187","9,750 Lot SqFt","Campbell","Res. Single Family","74"
"1","S","ML82017789","2183 Abbey Lane","08/12/2025","","$1,797,200","0","95008","3","2|0","1,381","6,100 Lot SqFt","Campbell","Res. Single Family","64"
"1","S","ML82017779","1149 S San Tomas Aquino Road, #A","08/26/2025","Westmont High","$3,000,000","14","95008","5","3|1","2,630","10,401 Lot SqFt","Campbell","Res. Single Family","68"
"1","S","ML82017497","113 George Court","09/03/2025","","$1,950,000","15","95008","4","2|1","1,985","3,988 Lot SqFt","Campbell","Res. Single Family","16"
"1","S","ML82017895","503 De Carli Court","08/20/2025","Westmont High","$3,025,000","1","95008","4","3|0","2,944","6,060 Lot SqFt","Campbell","Res. Single Family","30"
"1","S","ML82018495","4035 W Rincon Avenue","08/28/2025","","$2,481,000","9","95008","3","2|0","1,483","7,254 Lot SqFt","Campbell","Res. Single Family","61"
"1","S","ML82018781","898 La Plata Plaza","08/28/2025","Westmont High","$2,250,000","7","95008","3","2|0","1,269","7,210 Lot SqFt","Campbell","Res. Single Family","65"
"1","S","ML82019634","1995 White Oaks Road","09/02/2025","Branham High","$1,800,000","1","95008","3","1|0","1,072","11,184 Lot SqFt","Campbell","Res. Single Family","70"
"1","S","ML82019839","1629 Palo Santo Drive","09/14/2025","","$1,660,000","13","95008","3","1|1","1,269","6,000 Lot SqFt","Campbell","Res. Single Family","69"
"1","S","ML82019770","3720 Century Drive","09/10/2025","Westmont High","$2,050,000","8","95008","4","2|0","1,486","5,880 Lot SqFt","Campbell","Res. Single Family","63"
"1","S","ML82019850","1178 Emerson Avenue","09/16/2025","","$2,050,500","14","95008","4","2|0","1,285","8,330 Lot SqFt","Campbell","Res. Single Family","70"
"1","S","ML82019974","1409 Capri Drive","09/11/2025","","$1,850,000","9","95008","3","1|1","1,140","9,384 Lot SqFt","Campbell","Res. Single Family","69"
"1","S","ML82020023","1115 Fairlands Court","09/10/2025","","$2,128,000","7","95008","4","2|0","1,497","7,280 Lot SqFt","Campbell","Res. Single Family","65"
"1","S","ML82019287","2040 Orestes Way","09/17/2025","Westmont High","$2,295,000","9","95008","4","2|0","1,693","6,148 Lot SqFt","Campbell","Res. Single Family","64"
"1","S","ML82020845","283 Esther Avenue","10/05/2025","","$1,460,000","26","95008","3","3|0","1,540","2,736 Lot SqFt","Campbell","Res. Single Family","30"
"1","S","ML82021654","842 Harrison Avenue","09/25/2025","Del Mar High","$2,550,000","10","95008","4","3|1","2,366","10,625 Lot SqFt","Campbell","Res. Single Family","72"
"1","S","ML82021993","3820 Ainsley Court","09/24/2025","","$2,150,000","5","95008","4","2|0","1,711","6,215 Lot SqFt","Campbell","Res. Single Family","53"
"1","S","ML82022338","1236 W Hacienda Avenue","09/19/2025","","$2,300,000","0","95008","2","1|0","840","13,860 Lot SqFt","Campbell","Res. Single Family","86"
"1","S","ML82020866","4129 W Rincon Avenue","10/01/2025","Westmont High","$2,580,000","12","95008","5","3|0","1,974","6,161 Lot SqFt","Campbell","Res. Single Family","61"
"1","S","ML82022148","1170 Steinway Avenue","09/25/2025","Westmont High","$2,898,000","5","95008","3","1|0","905","22,119 Lot SqFt","Campbell","Res. Single Family","77"
"1","S","ML82022660","146 English Rose Circle","10/16/2025","","$1,560,000","22","95008","3","2|1","1,486","1,871 Lot SqFt","Campbell","Res. Single Family","10"
"1","S","ML82022709","1189 N Central Avenue","09/30/2025","Del Mar High","$1,845,000","6","95008","6","2|0","2,149","6,120 Lot SqFt","Campbell","Res. Single Family","63"
"1","S","ML82022766","3887 Via Salice ","10/02/2025","","$2,110,000","8","95008","4","2|0","1,413","6,240 Lot SqFt","Campbell","Res. Single Family","63"
"1","S","ML82022857","385 Lawndale Avenue","10/02/2025","Westmont High","$1,925,000","7","95008","3","2|0","1,297","7,200 Lot SqFt","Campbell","Res. Single Family","63"
"1","S","ML82022859","875 Emory Avenue","10/04/2025","Westmont High","$2,825,000","9","95008","4","4|0","2,566","19,000 Lot SqFt","Campbell","Res. Single Family","78"
"1","S","ML82023074","1320 Theresa Avenue","09/26/2025","","$4,365,000","0","95008","6","6|1","4,529","11,070 Lot SqFt","Campbell","Res. Single Family","0"
"1","S","ML82023026","440 N Milton Avenue","10/03/2025","Westmont High","$2,000,000","7","95008","4","3|0","1,752","10,212 Lot SqFt","Campbell","Res. Single Family","75"
"1","S","ML82023352","701 Sweetbriar Drive","10/08/2025","Branham High","$2,075,000","8","95008","4","2|0","1,796","6,732 Lot SqFt","Campbell","Res. Single Family","58"
"1","S","ML82003209","84 Lavonne Drive","10/29/2025","Westmont High","$2,200,000","19","95008","4","3|0","2,138","6,100 Lot SqFt","Campbell","Res. Single Family","65"
"1","S","ML82024812","816 Waldo Road","10/27/2025","Westmont High","$2,070,000","13","95008","3","2|0","1,706","7,502 Lot SqFt","Campbell","Res. Single Family","63"
"1","S","ML82024726","195 Sunnyside Avenue","10/26/2025","Westmont High","$2,110,000","12","95008","4","3|0","1,872","3,743 Lot SqFt","Campbell","Res. Single Family","4"
"1","S","ML82024777","4736 Westmont Avenue","10/22/2025","Westmont High","$2,136,000","8","95008","4","2|0","1,675","6,000 Lot SqFt","Campbell","Res. Single Family","51"
"1","S","ML82024924","4765 Del Loma Court","10/15/2025","Westmont High","$1,650,000","0","95008","4","3|0","1,870","6,750 Lot SqFt","Campbell","Res. Single Family","62"
"1","S","ML82024167","1040 Longfellow Avenue","10/20/2025","Branham High","$2,430,000","5","95008","5","3|0","1,693","12,412 Lot SqFt","Campbell","Res. Single Family","70"
"1","S","ML82023931","876 Dry Creek Road","11/13/2025","Branham High","$2,140,000","27","95008","4","2|0","2,392","16,456 Lot SqFt","Campbell","Res. Single Family","75"
"1","S","ML82025651","265 Wren Way","10/29/2025","","$2,320,000","6","95008","3","2|0","1,547","6,000 Lot SqFt","Campbell","Res. Single Family","70"
"1","S","ML82023552","4065 Keith Drive","10/31/2025","Westmont High","$2,250,000","7","95008","4","2|0","1,782","6,720 Lot SqFt","Campbell","Res. Single Family","56"
"1","S","ML82025792","2183 Abbey Lane","10/30/2025","","$2,280,000","6","95008","3","2|0","1,381","6,100 Lot SqFt","Campbell","Res. Single Family","64"
"1","S","ML82025910","2267 Fenian Drive","11/07/2025","","$1,880,000","14","95008","3","2|0","1,507","5,974 Lot SqFt","Campbell","Res. Single Family","62"
"1","S","ML82025929","935 S San Tomas Aquino Road","11/04/2025","Westmont High","$2,450,000","11","95008","1","1|0","884","16,500 Lot SqFt","Campbell","Res. Single Family","85"
"1","S","ML82026180","1297 Virginia Avenue","11/04/2025","Westmont High","$2,020,000","6","95008","3","2|0","1,281","8,000 Lot SqFt","Campbell","Res. Single Family","66"
"1","S","ML82027220","1573 Walnut Drive","11/10/2025","Westmont High","$2,900,000","0","95008","3","2|0","2,292","18,984 Lot SqFt","Campbell","Res. Single Family","77"
"1","S","ML82027347","1183 Glenblair Way","11/18/2025","","$2,480,000","6","95008","4","2|0","1,528","8,395 Lot SqFt","Campbell","Res. Single Family","65"
"1","S","ML82024736","866 Stonehurst Way","11/26/2025","","$2,277,000","13","95008","3","2|0","1,786","9,375 Lot SqFt","Campbell","Res. Single Family","74"
"1","S","ML82027453","772 Jeffrey Avenue","12/03/2025","Westmont High","$2,170,000","20","95008","3","2|0","1,320","6,222 Lot SqFt","Campbell","Res. Single Family","64"
"1","S","ML82027577","1333 Ridgeley Drive","11/24/2025","","$1,950,000","10","95008","3","2|0","1,609","8,568 Lot SqFt","Campbell","Res. Single Family","69"
"1","S","ML82027767","202 W Rincon Avenue","11/25/2025","","$1,815,000","8","95008","4","4|0","1,902","1,122 Lot SqFt","Campbell","Res. Single Family","1"
"1","S","ML82028679","915 Kara Way","12/13/2025","Westmont High","$1,680,000","10","95008","3","2|1","1,526","3,344 Lot SqFt","Campbell","Res. Single Family","38"
"1","S","ML82028583","1460 Inskip Drive","12/07/2025","","$2,100,000","3","95008","3","2|0","1,204","6,000 Lot SqFt","Campbell","Res. Single Family","63"
